{"loss": [1.3539475202560425, 0.4435192942619324, 0.2621607780456543, 0.18111181259155273, 0.13424766063690186, 0.10568565875291824, 0.0867013931274414, 0.06968104094266891, 0.06734240055084229, 0.05550730228424072], "accuracy": [0.5967422723770142, 0.8581833839416504, 0.9150152802467346, 0.9416743516921997, 0.9556725025177002, 0.9653744697570801, 0.9718329906463623, 0.9777793288230896, 0.9786044359207153, 0.9819759726524353], "val_loss": [0.5556564927101135, 0.2989979386329651, 0.27767542004585266, 0.2173198163509369, 0.15368132293224335, 0.17416232824325562, 0.1295616775751114, 0.25924646854400635, 0.11090461164712906, 0.1749592274427414], "val_accuracy": [0.8219895362854004, 0.9035397171974182, 0.9153198003768921, 0.9311404228210449, 0.9499203562736511, 0.9482130408287048, 0.9609037041664124, 0.928465723991394, 0.9654564261436462, 0.9500910639762878]}